
#Need to be exectued on empty database
INSERT INTO `users` (`id`, `iban`, `active`, `type`, `email`, `password`, `money`) VALUES
	(1, 'CH00 111', 1, 'Public', 'projet@mail', '$BANQUEHASH$V1$10000$mRFwijjaYceQpZnsyQz7quqmxK7p7xsiGReBsg2AO3FDU3y9', 10000.5),
	(2, 'CH00 222', 1, 'Public', 'projet@banque', '$BANQUEHASH$V1$10000$v5cWt1aGdwMhNBtU32ybtKXQVDCGlRbGiPcj8RknUqP7fqc8', 10000.5),
	(3, 'CH00 333', 1, 'Enterprise', 'projet@test', '$BANQUEHASH$V1$10000$IfJVKdPhyaPBOGzWPfUs+mnARXECvOsip5IGFHyK4kLBAJHg', 10000.5),
	(4, 'CH00 444', 1, 'Enterprise', 'projet@enterprise', '$BANQUEHASH$V1$10000$TFR3t+YhM0HJGTBppCb9HUiquuOo0qt+QQ/XdbpFPruuImvE', 10000.5),
	(5, 'CH00 555', 1, 'Admin', 'projet@admin', '$BANQUEHASH$V1$10000$TFR3t+YhM0HJGTBppCb9HUiquuOo0qt+QQ/XdbpFPruuImvE', 0);
    
INSERT INTO `users` (`iban`, `active`, `type`, `email`, `password`, `money`) VALUES
	('CH44 001', 1, 'Public', 'damien@mail', '$BANQUEHASH$V1$10000$mRFwijjaYceQpZnsyQz7quqmxK7p7xsiGReBsg2AO3FDU3y9', 200),
    ('CH44 002', 1, 'Public', 'bryan@mail', '$BANQUEHASH$V1$10000$mRFwijjaYceQpZnsyQz7quqmxK7p7xsiGReBsg2AO3FDU3y9', 200),
    ('CH44 003', 1, 'Public', 'luca@mail', '$BANQUEHASH$V1$10000$mRFwijjaYceQpZnsyQz7quqmxK7p7xsiGReBsg2AO3FDU3y9', 200),
    ('CH44 004', 0, 'Public', 'jonas@mail', '$BANQUEHASH$V1$10000$mRFwijjaYceQpZnsyQz7quqmxK7p7xsiGReBsg2AO3FDU3y9', 200),
    ('CH44 005', 0, 'Public', 'thomas@mail', '$BANQUEHASH$V1$10000$mRFwijjaYceQpZnsyQz7quqmxK7p7xsiGReBsg2AO3FDU3y9', 200),
    ('CH44 006', 1, 'Public', 'jerome@mail', '$BANQUEHASH$V1$10000$mRFwijjaYceQpZnsyQz7quqmxK7p7xsiGReBsg2AO3FDU3y9', 200),
    ('CH44 007', 1, 'Public', 'samuel@mail', '$BANQUEHASH$V1$10000$mRFwijjaYceQpZnsyQz7quqmxK7p7xsiGReBsg2AO3FDU3y9', 200),
    ('CH44 008', 0, 'Public', 'romain@mail', '$BANQUEHASH$V1$10000$mRFwijjaYceQpZnsyQz7quqmxK7p7xsiGReBsg2AO3FDU3y9', 200),
    ('CH44 009', 1, 'Public', 'michael@mail', '$BANQUEHASH$V1$10000$mRFwijjaYceQpZnsyQz7quqmxK7p7xsiGReBsg2AO3FDU3y9', 200),
    ('CH44 010', 0, 'Public', 'louis@mail', '$BANQUEHASH$V1$10000$mRFwijjaYceQpZnsyQz7quqmxK7p7xsiGReBsg2AO3FDU3y9', 200),
    ('CH44 011', 1, 'Public', 'alessandro@mail', '$BANQUEHASH$V1$10000$mRFwijjaYceQpZnsyQz7quqmxK7p7xsiGReBsg2AO3FDU3y9', 200),
    ('CH44 012', 1, 'Public', 'kevin@mail', '$BANQUEHASH$V1$10000$mRFwijjaYceQpZnsyQz7quqmxK7p7xsiGReBsg2AO3FDU3y9', 200),
    ('CH44 013', 1, 'Public', 'keanu@mail', '$BANQUEHASH$V1$10000$mRFwijjaYceQpZnsyQz7quqmxK7p7xsiGReBsg2AO3FDU3y9', 200),
    ('CH44 014', 0, 'Enterprise', 'chervet@mail', '$BANQUEHASH$V1$10000$mRFwijjaYceQpZnsyQz7quqmxK7p7xsiGReBsg2AO3FDU3y9', 200),
    ('CH44 015', 0, 'Enterprise', 'evangelisti@mail', '$BANQUEHASH$V1$10000$mRFwijjaYceQpZnsyQz7quqmxK7p7xsiGReBsg2AO3FDU3y9', 200),
    ('CH44 016', 1, 'Enterprise', 'giannantonio@mail', '$BANQUEHASH$V1$10000$mRFwijjaYceQpZnsyQz7quqmxK7p7xsiGReBsg2AO3FDU3y9', 200),
    ('CH44 017', 0, 'Enterprise', 'hautier@mail', '$BANQUEHASH$V1$10000$mRFwijjaYceQpZnsyQz7quqmxK7p7xsiGReBsg2AO3FDU3y9', 200),
    ('CH44 018', 1, 'Enterprise', 'huguet@mail', '$BANQUEHASH$V1$10000$mRFwijjaYceQpZnsyQz7quqmxK7p7xsiGReBsg2AO3FDU3y9', 200),
    ('CH44 019', 1, 'Enterprise', 'jaquemet@mail', '$BANQUEHASH$V1$10000$mRFwijjaYceQpZnsyQz7quqmxK7p7xsiGReBsg2AO3FDU3y9', 200),
    ('CH44 020', 0, 'Enterprise', 'meyer@mail', '$BANQUEHASH$V1$10000$mRFwijjaYceQpZnsyQz7quqmxK7p7xsiGReBsg2AO3FDU3y9', 200),
    ('CH44 021', 1, 'Enterprise', 'onrubia@mail', '$BANQUEHASH$V1$10000$mRFwijjaYceQpZnsyQz7quqmxK7p7xsiGReBsg2AO3FDU3y9', 200),
    ('CH44 022', 1, 'Enterprise', 'pedroletti@mail', '$BANQUEHASH$V1$10000$mRFwijjaYceQpZnsyQz7quqmxK7p7xsiGReBsg2AO3FDU3y9', 200),
    ('CH44 023', 0, 'Enterprise', 'richard@mail', '$BANQUEHASH$V1$10000$mRFwijjaYceQpZnsyQz7quqmxK7p7xsiGReBsg2AO3FDU3y9', 200),
    ('CH44 024', 0, 'Enterprise', 'rossi@mail', '$BANQUEHASH$V1$10000$mRFwijjaYceQpZnsyQz7quqmxK7p7xsiGReBsg2AO3FDU3y9', 200),
    ('CH44 025', 1, 'Enterprise', 'texeira@mail', '$BANQUEHASH$V1$10000$mRFwijjaYceQpZnsyQz7quqmxK7p7xsiGReBsg2AO3FDU3y9', 200),
    ('CH44 026', 1, 'Enterprise', 'trosset@mail', '$BANQUEHASH$V1$10000$mRFwijjaYceQpZnsyQz7quqmxK7p7xsiGReBsg2AO3FDU3y9', 200),
    ('CH44 027', 1, 'Public', 'dylan@mail', '$BANQUEHASH$V1$10000$mRFwijjaYceQpZnsyQz7quqmxK7p7xsiGReBsg2AO3FDU3y9', 200),
    ('CH44 028', 1, 'Public', 'berney@mail', '$BANQUEHASH$V1$10000$mRFwijjaYceQpZnsyQz7quqmxK7p7xsiGReBsg2AO3FDU3y9', 200),
    ('CH44 029', 1, 'Public', 'bassi@mail', '$BANQUEHASH$V1$10000$mRFwijjaYceQpZnsyQz7quqmxK7p7xsiGReBsg2AO3FDU3y9', 200),
    ('CH44 030', 1, 'Public', 'wyssa@mail', '$BANQUEHASH$V1$10000$mRFwijjaYceQpZnsyQz7quqmxK7p7xsiGReBsg2AO3FDU3y9', 200);
	
	
INSERT INTO `transactions` (`date`, `amount`, `reason`, `idReceiver`, `idSender`) VALUES
                    ('2019-12-20 17:51:41', 20, 'Tu est top\'cool', 2, 1),
                    ('2019-12-20 17:53:51', 50, 'Salaire', 2, 1),
                    ('2019-12-20 17:55:06', 42, 'Payement', 2, 1),
                    ('2019-12-20 17:56:21', 8, 'Test1', 2, 1),
                    ('2019-12-20 17:56:23', 8, 'Test2', 2, 1),
                    ('2019-12-20 17:56:24', 8, 'Test3', 2, 1),
                    ('2019-12-20 17:56:24', 8, 'Test4', 2, 1),
                    ('2019-12-20 17:58:48', 76, 'Test5', 2, 1),
                    ('2019-12-20 17:59:45', 100, 'Test6', 2, 1),
                    ('2019-12-20 18:23:26', 100, 'Test7', 2, 1),
                    ('2019-12-20 18:25:21', 100, 'Test8', 2, 1),
                    ('2019-12-20 18:26:21', 41500, 'Test9', 2, 1),
                    ('2019-12-20 18:30:44', 1000, 'Test0', 1, 3),
                    ('2019-12-20 18:32:50', 150, 'mcDo', 1, 3),
                    ('2019-12-20 18:35:35', 20, 'burger king', 1, 3),
                    ('2019-01-01 09:10:18', 544.85, 'Transaction0', 1, 33),
                    ('2019-01-02 08:40:36', 750.64, 'Transaction1', 17, 18),
                    ('2019-01-03 12:55:19', 592.26, 'Transaction2', 16, 33),
                    ('2019-01-04 22:21:14', 783.94, 'Transaction3', 13, 25),
                    ('2019-01-05 05:23:48', 947.51, 'Transaction4', 5, 28),
                    ('2019-01-06 02:12:34', 31.25, 'Transaction5', 15, 21),
                    ('2019-01-07 05:33:47', 310.22, 'Transaction6', 12, 25),
                    ('2019-01-08 05:05:04', 960.63, 'Transaction7', 11, 33),
                    ('2019-01-09 08:23:32', 184.74, 'Transaction8', 6, 30),
                    ('2019-01-10 20:19:57', 904.49, 'Transaction9', 13, 34),
                    ('2019-01-11 05:11:59', 51.78, 'Transaction10', 4, 32),
                    ('2019-01-12 03:25:48', 274.36, 'Transaction11', 16, 28),
                    ('2019-01-13 08:58:51', 187.62, 'Transaction12', 13, 25),
                    ('2019-01-14 15:15:04', 734.14, 'Transaction13', 12, 30),
                    ('2019-01-15 12:27:21', 539.64, 'Transaction14', 9, 34),
                    ('2019-01-16 06:14:56', 117.96, 'Transaction15', 6, 25),
                    ('2019-01-17 03:26:31', 177.6, 'Transaction16', 14, 21),
                    ('2019-01-18 22:12:15', 991.94, 'Transaction17', 3, 24),
                    ('2019-01-19 19:15:41', 78.16, 'Transaction18', 14, 35),
                    ('2019-01-20 10:21:34', 74.67, 'Transaction19', 12, 27),
                    ('2019-01-21 19:36:59', 468.8, 'Transaction20', 5, 32),
                    ('2019-01-22 10:55:20', 688.27, 'Transaction21', 14, 29),
                    ('2019-01-23 06:11:23', 350.04, 'Transaction22', 4, 22),
                    ('2019-01-24 00:43:01', 877.87, 'Transaction23', 6, 30),
                    ('2019-01-25 03:58:57', 514.13, 'Transaction24', 9, 33),
                    ('2019-01-26 15:52:22', 46.6, 'Transaction25', 8, 34),
                    ('2019-01-27 14:25:12', 676.17, 'Transaction26', 2, 20),
                    ('2019-01-28 14:10:35', 452.44, 'Transaction27', 6, 32),
                    ('2019-02-01 05:23:10', 400.27, 'Transaction28', 9, 27),
                    ('2019-02-02 10:33:14', 109.71, 'Transaction29', 4, 34),
                    ('2019-02-03 06:50:40', 711.43, 'Transaction30', 14, 29),
                    ('2019-02-04 23:44:25', 667.89, 'Transaction31', 14, 20),
                    ('2019-02-05 02:07:19', 736.75, 'Transaction32', 9, 29),
                    ('2019-02-06 15:38:00', 123.35, 'Transaction33', 12, 21),
                    ('2019-02-07 16:01:03', 226.31, 'Transaction34', 17, 35),
                    ('2019-02-08 19:05:38', 171.43, 'Transaction35', 5, 33),
                    ('2019-02-09 08:50:59', 489.73, 'Transaction36', 8, 18),
                    ('2019-02-10 18:06:44', 536.22, 'Transaction37', 5, 29),
                    ('2019-02-11 19:30:22', 316.99, 'Transaction38', 17, 18),
                    ('2019-02-12 10:31:27', 483.57, 'Transaction39', 16, 28),
                    ('2019-02-13 14:08:09', 988.29, 'Transaction40', 12, 27),
                    ('2019-02-14 06:38:58', 573.82, 'Transaction41', 3, 30),
                    ('2019-02-15 18:13:54', 774.22, 'Transaction42', 6, 32),
                    ('2019-02-16 07:10:45', 196.92, 'Transaction43', 11, 32),
                    ('2019-02-17 00:07:44', 704.63, 'Transaction44', 15, 34),
                    ('2019-02-18 05:47:50', 94.98, 'Transaction45', 15, 29),
                    ('2019-02-19 22:52:57', 716.09, 'Transaction46', 14, 21),
                    ('2019-02-20 10:41:00', 70.76, 'Transaction47', 3, 26),
                    ('2019-02-21 10:15:55', 51.98, 'Transaction48', 2, 20),
                    ('2019-02-22 03:23:30', 0.17, 'Transaction49', 1, 27),
                    ('2019-02-23 06:19:50', 928.74, 'Transaction50', 2, 21),
                    ('2019-02-24 22:40:06', 934.39, 'Transaction51', 16, 25),
                    ('2019-02-25 12:54:52', 908.29, 'Transaction52', 8, 24),
                    ('2019-02-26 14:41:06', 798.72, 'Transaction53', 15, 26),
                    ('2019-02-27 12:59:05', 69.72, 'Transaction54', 17, 22),
                    ('2019-02-28 02:14:34', 530.39, 'Transaction55', 17, 22),
                    ('2019-03-01 06:49:42', 398.05, 'Transaction56', 1, 27),
                    ('2019-03-02 20:34:57', 994.23, 'Transaction57', 4, 24),
                    ('2019-03-03 07:56:25', 724.78, 'Transaction58', 3, 28),
                    ('2019-03-04 19:47:17', 263.33, 'Transaction59', 8, 22),
                    ('2019-03-05 05:15:05', 524.26, 'Transaction60', 2, 22),
                    ('2019-03-06 07:17:54', 956.94, 'Transaction61', 5, 30),
                    ('2019-03-07 07:18:04', 543.85, 'Transaction62', 8, 29),
                    ('2019-03-08 15:24:53', 35.36, 'Transaction63', 7, 29),
                    ('2019-03-09 09:54:40', 518.6, 'Transaction64', 16, 22),
                    ('2019-03-10 12:17:46', 986.35, 'Transaction65', 2, 20),
                    ('2019-03-11 19:05:24', 275.96, 'Transaction66', 2, 20),
                    ('2019-03-12 22:33:17', 573.69, 'Transaction67', 8, 24),
                    ('2019-03-13 16:50:53', 801.88, 'Transaction68', 8, 32),
                    ('2019-03-14 13:05:27', 765.09, 'Transaction69', 10, 19),
                    ('2019-03-15 12:10:25', 662.98, 'Transaction70', 13, 24),
                    ('2019-03-16 22:07:16', 102.72, 'Transaction71', 7, 31),
                    ('2019-03-17 17:42:30', 877.19, 'Transaction72', 11, 26),
                    ('2019-03-18 23:12:03', 236.91, 'Transaction73', 17, 29),
                    ('2019-03-19 10:29:43', 361.97, 'Transaction74', 11, 25),
                    ('2019-03-20 16:59:52', 149.29, 'Transaction75', 2, 30),
                    ('2019-03-21 08:30:56', 445.51, 'Transaction76', 4, 25),
                    ('2019-03-22 12:38:01', 931.79, 'Transaction77', 9, 31),
                    ('2019-03-23 18:47:34', 989.94, 'Transaction78', 6, 25),
                    ('2019-03-24 06:23:25', 574.54, 'Transaction79', 17, 34),
                    ('2019-03-25 04:27:01', 496.37, 'Transaction80', 5, 31),
                    ('2019-03-26 19:16:28', 578.22, 'Transaction81', 9, 19),
                    ('2019-03-27 12:05:29', 910.31, 'Transaction82', 14, 28),
                    ('2019-03-28 07:16:40', 709.81, 'Transaction83', 16, 28),
                    ('2019-04-01 07:38:47', 850.58, 'Transaction84', 9, 25),
                    ('2019-04-02 14:29:27', 391.82, 'Transaction85', 8, 29),
                    ('2019-04-03 08:16:21', 846.41, 'Transaction86', 6, 21),
                    ('2019-04-04 01:36:24', 511.13, 'Transaction87', 2, 27),
                    ('2019-04-05 01:59:14', 898.52, 'Transaction88', 4, 19),
                    ('2019-04-06 09:03:41', 159.91, 'Transaction89', 5, 20),
                    ('2019-04-07 05:57:19', 807.41, 'Transaction90', 14, 23),
                    ('2019-04-08 02:39:14', 254.47, 'Transaction91', 10, 25),
                    ('2019-04-09 01:25:12', 98.01, 'Transaction92', 6, 32),
                    ('2019-04-10 16:56:23', 314.4, 'Transaction93', 6, 20),
                    ('2019-04-11 02:03:56', 21.91, 'Transaction94', 9, 18),
                    ('2019-04-12 16:02:09', 135.26, 'Transaction95', 11, 25),
                    ('2019-04-13 10:29:02', 570.32, 'Transaction96', 11, 33),
                    ('2019-04-14 09:59:07', 35.27, 'Transaction97', 16, 28),
                    ('2019-04-15 23:58:58', 524.69, 'Transaction98', 15, 30),
                    ('2019-04-16 23:55:48', 813.5, 'Transaction99', 9, 29),
                    ('2019-04-17 22:51:31', 250.18, 'Transaction100', 12, 19),
                    ('2019-04-18 02:29:07', 254.57, 'Transaction101', 7, 21),
                    ('2019-04-19 10:44:10', 751.82, 'Transaction102', 14, 25),
                    ('2019-04-20 00:18:49', 435.81, 'Transaction103', 4, 24),
                    ('2019-04-21 00:33:50', 846.49, 'Transaction104', 8, 18),
                    ('2019-04-22 10:37:47', 665.04, 'Transaction105', 12, 25),
                    ('2019-04-23 19:55:10', 499.05, 'Transaction106', 17, 33),
                    ('2019-04-24 11:38:53', 755.02, 'Transaction107', 14, 26),
                    ('2019-04-25 17:39:20', 818.03, 'Transaction108', 9, 23),
                    ('2019-04-26 18:42:58', 573.27, 'Transaction109', 4, 32),
                    ('2019-04-27 21:41:25', 15.8, 'Transaction110', 12, 26),
                    ('2019-04-28 03:38:11', 400.34, 'Transaction111', 16, 35),
                    ('2019-05-01 19:40:04', 56.91, 'Transaction112', 14, 28),
                    ('2019-05-02 08:56:08', 604.73, 'Transaction113', 14, 21),
                    ('2019-05-03 18:01:07', 870.08, 'Transaction114', 10, 21),
                    ('2019-05-04 12:00:04', 425.16, 'Transaction115', 16, 30),
                    ('2019-05-05 13:31:07', 528.67, 'Transaction116', 15, 35),
                    ('2019-05-06 08:20:42', 484.09, 'Transaction117', 1, 26),
                    ('2019-05-07 13:13:13', 540.29, 'Transaction118', 3, 20),
                    ('2019-05-08 08:46:07', 175.39, 'Transaction119', 12, 24),
                    ('2019-05-09 18:13:58', 383.82, 'Transaction120', 11, 21),
                    ('2019-05-10 10:45:18', 886.51, 'Transaction121', 14, 22),
                    ('2019-05-11 18:35:54', 826.49, 'Transaction122', 10, 20),
                    ('2019-05-12 14:45:37', 41.34, 'Transaction123', 1, 22),
                    ('2019-05-13 13:44:30', 130.83, 'Transaction124', 6, 29),
                    ('2019-05-14 07:50:14', 117.78, 'Transaction125', 5, 19),
                    ('2019-05-15 13:33:12', 612.99, 'Transaction126', 9, 24),
                    ('2019-05-16 23:24:43', 62.13, 'Transaction127', 8, 33),
                    ('2019-05-17 11:50:55', 81.69, 'Transaction128', 11, 22),
                    ('2019-05-18 06:18:33', 279.82, 'Transaction129', 8, 24),
                    ('2019-05-19 14:33:16', 405.84, 'Transaction130', 3, 32),
                    ('2019-05-20 16:55:08', 259.75, 'Transaction131', 16, 31),
                    ('2019-05-21 07:05:46', 268.91, 'Transaction132', 6, 33),
                    ('2019-05-22 15:11:27', 943.3, 'Transaction133', 3, 30),
                    ('2019-05-23 23:27:05', 986.41, 'Transaction134', 13, 22),
                    ('2019-05-24 05:26:15', 154.55, 'Transaction135', 2, 20),
                    ('2019-05-25 06:06:23', 682.32, 'Transaction136', 13, 28),
                    ('2019-05-26 22:07:46', 931.74, 'Transaction137', 8, 25),
                    ('2019-05-27 11:55:47', 700.39, 'Transaction138', 9, 18),
                    ('2019-05-28 19:37:10', 859.54, 'Transaction139', 8, 20),
                    ('2019-06-01 20:30:49', 336.95, 'Transaction140', 5, 23),
                    ('2019-06-02 14:00:27', 204.44, 'Transaction141', 9, 27),
                    ('2019-06-03 16:10:14', 294.02, 'Transaction142', 14, 33),
                    ('2019-06-04 12:22:19', 358.96, 'Transaction143', 15, 20),
                    ('2019-06-05 00:56:44', 448.61, 'Transaction144', 8, 31),
                    ('2019-06-06 17:22:01', 489.86, 'Transaction145', 16, 28),
                    ('2019-06-07 01:24:18', 374.68, 'Transaction146', 7, 34),
                    ('2019-06-08 04:19:24', 729.21, 'Transaction147', 6, 22),
                    ('2019-06-09 18:16:29', 223.7, 'Transaction148', 2, 23),
                    ('2019-06-10 08:47:14', 81.23, 'Transaction149', 10, 25),
                    ('2019-06-11 22:12:48', 209.45, 'Transaction150', 13, 21),
                    ('2019-06-12 11:20:36', 349.75, 'Transaction151', 9, 30),
                    ('2019-06-13 08:57:57', 985.94, 'Transaction152', 8, 31),
                    ('2019-06-14 15:12:06', 247.47, 'Transaction153', 13, 34),
                    ('2019-06-15 00:28:58', 928.8, 'Transaction154', 1, 35),
                    ('2019-06-16 14:30:50', 671.01, 'Transaction155', 11, 33),
                    ('2019-06-17 18:53:08', 116.96, 'Transaction156', 15, 29),
                    ('2019-06-18 20:20:05', 915.66, 'Transaction157', 13, 32),
                    ('2019-06-19 14:23:35', 421.04, 'Transaction158', 3, 26),
                    ('2019-06-20 11:02:33', 135.52, 'Transaction159', 5, 28),
                    ('2019-06-21 20:37:27', 579.73, 'Transaction160', 12, 28),
                    ('2019-06-22 00:09:37', 195.11, 'Transaction161', 7, 34),
                    ('2019-06-23 19:57:02', 93.35, 'Transaction162', 15, 26),
                    ('2019-06-24 00:24:52', 755.96, 'Transaction163', 17, 24),
                    ('2019-06-25 02:03:51', 608.03, 'Transaction164', 3, 24),
                    ('2019-06-26 12:15:24', 473.12, 'Transaction165', 16, 31),
                    ('2019-06-27 18:46:32', 113.99, 'Transaction166', 6, 29),
                    ('2019-06-28 14:43:49', 706.63, 'Transaction167', 11, 33),
                    ('2019-07-01 19:43:50', 22.0, 'Transaction168', 8, 27),
                    ('2019-07-02 22:21:42', 454.92, 'Transaction169', 6, 19),
                    ('2019-07-03 06:21:19', 651.07, 'Transaction170', 13, 27),
                    ('2019-07-04 04:50:20', 86.89, 'Transaction171', 6, 29),
                    ('2019-07-05 14:53:37', 266.07, 'Transaction172', 5, 28),
                    ('2019-07-06 21:21:02', 998.9, 'Transaction173', 12, 19),
                    ('2019-07-07 03:59:52', 303.81, 'Transaction174', 6, 19),
                    ('2019-07-08 00:33:26', 842.33, 'Transaction175', 11, 35),
                    ('2019-07-09 20:02:46', 946.0, 'Transaction176', 4, 29),
                    ('2019-07-10 14:50:27', 614.29, 'Transaction177', 6, 21),
                    ('2019-07-11 08:15:25', 894.61, 'Transaction178', 15, 29),
                    ('2019-07-12 23:12:19', 411.33, 'Transaction179', 16, 31),
                    ('2019-07-13 20:05:34', 109.57, 'Transaction180', 5, 25),
                    ('2019-07-14 08:16:37', 940.55, 'Transaction181', 16, 35),
                    ('2019-07-15 08:44:27', 169.58, 'Transaction182', 5, 30),
                    ('2019-07-16 04:22:00', 936.88, 'Transaction183', 15, 33),
                    ('2019-07-17 09:21:39', 426.27, 'Transaction184', 12, 32),
                    ('2019-07-18 22:43:12', 668.54, 'Transaction185', 5, 33),
                    ('2019-07-19 18:08:16', 835.95, 'Transaction186', 6, 20),
                    ('2019-07-20 16:01:51', 831.81, 'Transaction187', 4, 26),
                    ('2019-07-21 23:17:41', 725.45, 'Transaction188', 8, 26),
                    ('2019-07-22 21:10:10', 8.92, 'Transaction189', 15, 18),
                    ('2019-07-23 22:49:54', 973.51, 'Transaction190', 2, 34),
                    ('2019-07-24 04:39:48', 30.04, 'Transaction191', 11, 21),
                    ('2019-07-25 22:37:31', 782.08, 'Transaction192', 4, 33),
                    ('2019-07-26 09:38:55', 379.95, 'Transaction193', 16, 25),
                    ('2019-07-27 01:58:23', 630.89, 'Transaction194', 5, 33),
                    ('2019-07-28 18:08:40', 661.67, 'Transaction195', 5, 32),
                    ('2019-08-01 08:37:15', 731.73, 'Transaction196', 17, 33),
                    ('2019-08-02 10:25:34', 578.95, 'Transaction197', 10, 26),
                    ('2019-08-03 01:26:06', 677.7, 'Transaction198', 17, 32),
                    ('2019-08-04 04:13:56', 452.76, 'Transaction199', 11, 32),
                    ('2019-08-05 21:36:39', 396.15, 'Transaction200', 12, 27),
                    ('2019-08-06 10:24:45', 67.31, 'Transaction201', 11, 27),
                    ('2019-08-07 08:50:19', 862.65, 'Transaction202', 7, 35),
                    ('2019-08-08 13:09:16', 609.03, 'Transaction203', 2, 19),
                    ('2019-08-09 12:14:37', 270.97, 'Transaction204', 12, 26),
                    ('2019-08-10 13:45:41', 775.54, 'Transaction205', 14, 34),
                    ('2019-08-11 10:48:22', 675.94, 'Transaction206', 16, 28),
                    ('2019-08-12 14:13:06', 809.83, 'Transaction207', 1, 32),
                    ('2019-08-13 14:16:40', 87.68, 'Transaction208', 5, 32),
                    ('2019-08-14 21:09:46', 553.54, 'Transaction209', 4, 20),
                    ('2019-08-15 22:12:15', 312.32, 'Transaction210', 15, 35),
                    ('2019-08-16 01:02:58', 989.27, 'Transaction211', 14, 23),
                    ('2019-08-17 23:41:41', 727.84, 'Transaction212', 3, 22),
                    ('2019-08-18 08:46:54', 502.38, 'Transaction213', 5, 32),
                    ('2019-08-19 17:31:40', 312.71, 'Transaction214', 8, 33),
                    ('2019-08-20 21:44:48', 23.79, 'Transaction215', 8, 34),
                    ('2019-08-21 15:39:38', 506.85, 'Transaction216', 10, 31),
                    ('2019-08-22 04:56:47', 169.97, 'Transaction217', 3, 24),
                    ('2019-08-23 05:56:54', 158.95, 'Transaction218', 4, 18),
                    ('2019-08-24 07:10:46', 708.19, 'Transaction219', 15, 29),
                    ('2019-08-25 22:27:07', 39.92, 'Transaction220', 17, 32),
                    ('2019-08-26 14:48:57', 868.7, 'Transaction221', 16, 19),
                    ('2019-08-27 03:48:13', 110.0, 'Transaction222', 10, 19),
                    ('2019-08-28 19:55:21', 272.61, 'Transaction223', 11, 19),
                    ('2019-09-01 21:34:50', 966.19, 'Transaction224', 4, 18),
                    ('2019-09-02 23:35:53', 218.23, 'Transaction225', 11, 23),
                    ('2019-09-03 05:32:44', 484.53, 'Transaction226', 14, 18),
                    ('2019-09-04 08:04:46', 178.31, 'Transaction227', 6, 31),
                    ('2019-09-05 23:58:07', 335.37, 'Transaction228', 15, 26),
                    ('2019-09-06 20:17:24', 570.57, 'Transaction229', 13, 24),
                    ('2019-09-07 00:09:52', 255.61, 'Transaction230', 16, 30),
                    ('2019-09-08 06:40:43', 916.22, 'Transaction231', 15, 22),
                    ('2019-09-09 14:28:14', 609.18, 'Transaction232', 13, 22),
                    ('2019-09-10 09:22:43', 167.13, 'Transaction233', 9, 27),
                    ('2019-09-11 01:08:30', 54.81, 'Transaction234', 15, 35),
                    ('2019-09-12 23:27:29', 940.25, 'Transaction235', 9, 31),
                    ('2019-09-13 01:05:03', 500.33, 'Transaction236', 3, 23),
                    ('2019-09-14 18:15:32', 225.05, 'Transaction237', 3, 30),
                    ('2019-09-15 17:36:17', 934.36, 'Transaction238', 15, 19),
                    ('2019-09-16 05:36:10', 342.73, 'Transaction239', 9, 34),
                    ('2019-09-17 17:41:14', 627.21, 'Transaction240', 7, 24),
                    ('2019-09-18 21:48:15', 416.68, 'Transaction241', 1, 29),
                    ('2019-09-19 10:50:58', 651.91, 'Transaction242', 11, 23),
                    ('2019-09-20 16:36:27', 978.62, 'Transaction243', 2, 32),
                    ('2019-09-21 23:21:20', 858.63, 'Transaction244', 7, 30),
                    ('2019-09-22 06:31:15', 824.36, 'Transaction245', 10, 21),
                    ('2019-09-23 04:12:07', 769.92, 'Transaction246', 17, 35),
                    ('2019-09-24 03:49:03', 733.37, 'Transaction247', 12, 26),
                    ('2019-09-25 21:20:10', 137.34, 'Transaction248', 13, 19),
                    ('2019-09-26 17:18:41', 294.27, 'Transaction249', 10, 18),
                    ('2019-09-27 20:56:43', 885.19, 'Transaction250', 6, 23),
                    ('2019-09-28 18:15:04', 767.26, 'Transaction251', 6, 27),
                    ('2019-10-01 05:39:28', 470.13, 'Transaction252', 4, 20),
                    ('2019-10-02 15:35:33', 439.05, 'Transaction253', 4, 24),
                    ('2019-10-03 19:15:30', 660.53, 'Transaction254', 16, 33),
                    ('2019-10-04 10:30:06', 80.75, 'Transaction255', 9, 33),
                    ('2019-10-05 18:29:33', 103.65, 'Transaction256', 6, 34),
                    ('2019-10-06 10:50:18', 779.03, 'Transaction257', 6, 27),
                    ('2019-10-07 08:14:25', 202.95, 'Transaction258', 14, 31),
                    ('2019-10-08 08:48:26', 109.76, 'Transaction259', 10, 33),
                    ('2019-10-09 18:31:45', 801.82, 'Transaction260', 4, 21),
                    ('2019-10-10 10:04:26', 872.01, 'Transaction261', 11, 34),
                    ('2019-10-11 14:49:07', 876.23, 'Transaction262', 7, 33),
                    ('2019-10-12 10:46:58', 616.46, 'Transaction263', 8, 35),
                    ('2019-10-13 23:30:49', 828.64, 'Transaction264', 7, 32),
                    ('2019-10-14 21:43:54', 787.7, 'Transaction265', 17, 30),
                    ('2019-10-15 01:55:29', 204.29, 'Transaction266', 10, 18),
                    ('2019-10-16 21:38:59', 30.18, 'Transaction267', 17, 24),
                    ('2019-10-17 12:23:08', 475.89, 'Transaction268', 7, 25),
                    ('2019-10-18 16:39:37', 32.03, 'Transaction269', 11, 28),
                    ('2019-10-19 23:39:37', 241.94, 'Transaction270', 9, 24),
                    ('2019-10-20 19:44:26', 557.78, 'Transaction271', 11, 18),
                    ('2019-10-21 02:56:18', 763.35, 'Transaction272', 1, 32),
                    ('2019-10-22 04:17:23', 744.78, 'Transaction273', 17, 19),
                    ('2019-10-23 10:42:52', 566.68, 'Transaction274', 11, 18),
                    ('2019-10-24 13:32:31', 405.32, 'Transaction275', 4, 34),
                    ('2019-10-25 20:08:01', 556.49, 'Transaction276', 17, 30),
                    ('2019-10-26 10:54:48', 987.23, 'Transaction277', 10, 27),
                    ('2019-10-27 22:22:59', 830.71, 'Transaction278', 4, 35),
                    ('2019-10-28 00:06:17', 587.22, 'Transaction279', 4, 19),
                    ('2019-11-01 20:03:10', 978.95, 'Transaction280', 9, 30),
                    ('2019-11-02 14:56:56', 67.17, 'Transaction281', 14, 34),
                    ('2019-11-03 05:38:43', 503.5, 'Transaction282', 3, 34),
                    ('2019-11-04 01:22:39', 565.92, 'Transaction283', 8, 35),
                    ('2019-11-05 16:43:56', 819.27, 'Transaction284', 10, 32),
                    ('2019-11-06 01:46:30', 5.0, 'Transaction285', 15, 35),
                    ('2019-11-07 03:55:22', 330.22, 'Transaction286', 6, 22),
                    ('2019-11-08 07:13:48', 128.52, 'Transaction287', 12, 31),
                    ('2019-11-09 19:33:54', 511.54, 'Transaction288', 6, 25),
                    ('2019-11-10 02:12:01', 979.19, 'Transaction289', 7, 27),
                    ('2019-11-11 19:08:09', 579.28, 'Transaction290', 15, 20),
                    ('2019-11-12 03:50:17', 834.63, 'Transaction291', 5, 25),
                    ('2019-11-13 21:44:13', 148.81, 'Transaction292', 7, 18),
                    ('2019-11-14 11:44:53', 938.03, 'Transaction293', 16, 30),
                    ('2019-11-15 21:04:17', 116.61, 'Transaction294', 1, 18),
                    ('2019-11-16 18:54:01', 406.98, 'Transaction295', 14, 33),
                    ('2019-11-17 18:55:42', 774.9, 'Transaction296', 15, 34),
                    ('2019-11-18 18:17:55', 216.44, 'Transaction297', 9, 33),
                    ('2019-11-19 11:22:11', 372.31, 'Transaction298', 11, 21),
                    ('2019-11-20 01:47:07', 391.06, 'Transaction299', 9, 27),
                    ('2019-11-21 19:08:06', 975.79, 'Transaction300', 12, 31),
                    ('2019-11-22 10:46:16', 949.57, 'Transaction301', 17, 28),
                    ('2019-11-23 22:54:43', 206.35, 'Transaction302', 10, 22),
                    ('2019-11-24 04:10:58', 932.06, 'Transaction303', 16, 19),
                    ('2019-11-25 14:30:40', 972.5, 'Transaction304', 16, 34),
                    ('2019-11-26 19:45:36', 310.43, 'Transaction305', 12, 18),
                    ('2019-11-27 23:15:05', 482.14, 'Transaction306', 3, 21),
                    ('2019-11-28 01:34:51', 676.74, 'Transaction307', 17, 23),
                    ('2019-12-01 18:02:25', 440.08, 'Transaction308', 1, 25),
                    ('2019-12-02 03:28:02', 448.55, 'Transaction309', 13, 23),
                    ('2019-12-03 13:25:02', 443.38, 'Transaction310', 16, 19),
                    ('2019-12-04 02:32:14', 31.31, 'Transaction311', 7, 30),
                    ('2019-12-05 21:54:29', 534.53, 'Transaction312', 7, 34),
                    ('2019-12-06 14:15:32', 542.46, 'Transaction313', 16, 28),
                    ('2019-12-07 06:03:47', 658.88, 'Transaction314', 9, 31),
                    ('2019-12-08 05:14:11', 132.13, 'Transaction315', 3, 19),
                    ('2019-12-09 22:44:30', 377.45, 'Transaction316', 1, 22),
                    ('2019-12-10 21:37:50', 237.0, 'Transaction317', 3, 24),
                    ('2019-12-11 07:11:55', 393.47, 'Transaction318', 8, 32),
                    ('2019-12-12 03:21:11', 849.18, 'Transaction319', 5, 34),
                    ('2019-12-13 16:14:20', 400.83, 'Transaction320', 10, 19),
                    ('2019-12-14 02:57:20', 651.05, 'Transaction321', 3, 18),
                    ('2019-12-15 14:16:17', 246.44, 'Transaction322', 17, 32),
                    ('2019-12-16 15:12:09', 950.99, 'Transaction323', 4, 28),
                    ('2019-12-17 06:57:02', 407.85, 'Transaction324', 12, 25),
                    ('2019-12-18 23:26:38', 777.5, 'Transaction325', 15, 22),
                    ('2019-12-19 00:59:29', 158.59, 'Transaction326', 5, 35),
                    ('2019-12-20 06:13:12', 944.73, 'Transaction327', 13, 25),
                    ('2019-12-21 13:07:58', 3.69, 'Transaction328', 16, 18),
                    ('2019-12-22 15:44:04', 426.93, 'Transaction329', 9, 23),
                    ('2019-12-23 05:10:17', 317.96, 'Transaction330', 12, 20),
                    ('2019-12-24 22:52:59', 951.54, 'Transaction331', 10, 26),
                    ('2019-12-25 03:25:23', 1.03, 'Transaction332', 9, 18),
                    ('2019-12-26 02:51:53', 822.28, 'Transaction333', 5, 20),
                    ('2019-12-27 03:57:37', 831.47, 'Transaction334', 10, 25),
                    ('2019-12-28 13:41:47', 938.61, 'Transaction335', 11, 30),
                    ('2020-01-01 21:11:01', 600.08, 'Transaction336', 13, 20),
                    ('2020-01-02 14:15:09', 858.02, 'Transaction337', 7, 28),
                    ('2020-01-03 01:57:00', 657.18, 'Transaction338', 1, 21),
                    ('2020-01-04 19:18:28', 86.13, 'Transaction339', 13, 18),
                    ('2020-01-05 12:45:25', 927.83, 'Transaction340', 16, 23),
                    ('2020-01-06 23:26:07', 908.24, 'Transaction341', 1, 28),
                    ('2020-01-07 20:58:52', 855.97, 'Transaction342', 7, 24),
                    ('2020-01-08 11:27:23', 843.48, 'Transaction343', 14, 18),
                    ('2020-01-09 10:25:27', 119.3, 'Transaction344', 11, 34),
                    ('2020-01-10 12:55:28', 368.17, 'Transaction345', 4, 27),
                    ('2020-01-11 18:52:58', 312.75, 'Transaction346', 4, 19),
                    ('2020-01-12 02:54:52', 292.31, 'Transaction347', 11, 31),
                    ('2020-01-13 00:16:57', 900.97, 'Transaction348', 13, 21),
                    ('2020-01-14 22:26:22', 666.57, 'Transaction349', 7, 24);
             
             



INSERT INTO `lists` (`id`, `name`, `idUser`) VALUES
    (1, 'CH44 019_Salaire', 3),
    (2, 'CH44 016_Famille', 3),
    (3, 'CH44 019_Amis', 3),
    (4, 'CH44 016_SalaireEntreprise', 3),
    (5, 'CH44 016_Cadeaux', 4),
    (6, 'CH44 018_Association', 4),
    (7, 'CH44 016_Liste7', 21),
    (8, 'CH44 019_Liste8', 24),
    (9, 'CH44 019_Liste9', 24),
    (10, 'CH44 014_Liste10', 19),
    (11, 'CH44 014_Liste11', 19),
    (12, 'CH44 014_Liste12', 19),
    (13, 'CH44 019_Liste13', 24),
    (14, 'CH44 018_Liste14', 23),
    (15, 'CH44 019_Liste15', 24),
    (16, 'CH44 017_Liste16', 22),
    (17, 'CH44 017_Liste17', 22),
    (18, 'CH44 018_Liste18', 23),
    (19, 'CH44 014_Liste19', 19);
	
	
INSERT INTO `users_lists` (`id`, `idList`, `idUser`) VALUES
	(1, 5, 18),
    (2, 18, 15),
    (3, 8, 13),
    (4, 15, 18),
    (5, 6, 8),
    (6, 11, 16),
    (7, 7, 9),
    (8, 14, 16),
    (9, 15, 12),
    (10, 8, 9),
    (11, 1, 18),
    (12, 12, 15),
    (13, 12, 17),
    (14, 10, 17),
    (15, 9, 9),
    (16, 14, 14),
    (17, 8, 10),
    (18, 7, 15),
    (19, 6, 18),
    (20, 5, 8),
    (21, 16, 12),
    (22, 17, 7),
    (23, 9, 17),
    (24, 14, 12),
    (25, 2, 11),
    (26, 5, 6),
    (27, 19, 14),
    (28, 1, 17),
    (29, 4, 6),
    (30, 3, 17),
    (31, 9, 14),
    (32, 9, 11),
    (33, 16, 6),
    (34, 2, 8),
    (35, 10, 12),
    (36, 13, 10),
    (37, 16, 11),
    (38, 11, 11),
    (39, 1, 9),
    (40, 5, 6),
    (41, 14, 11),
    (42, 15, 9),
    (43, 12, 13),
    (44, 3, 17),
    (45, 17, 3),
    (46, 1, 2),
    (47, 17, 1),
    (48, 19, 2),
    (49, 16, 2),
    (50, 3, 4),
    (51, 11, 4),
    (52, 8, 1),
    (53, 3, 2);
























